Date,Title,Score
2013-01-01 00:00:00.000,How I Fell in Love with a Schizophrenic,433
2013-01-01 00:00:00.000,No bullshit guide to math and physics,342
2013-01-01 00:00:00.000,Ask HN: Who is hiring? (January 2013),245
2013-01-01 00:00:00.000,A tiny language called Z,240
2013-01-01 00:00:00.000,The Absolute Beginner's Guide to Arduino,210
2013-01-01 00:00:00.000,Pinterest Cut Costs from $54 to $20 Per Hour With Automatic Shutdowns,197
2013-01-01 00:00:00.000,All of my side-projects from 2012,147
2013-01-01 00:00:00.000,DUNS - the fraudulent secret startup cost of iOS development,138
2013-01-01 00:00:00.000,We Need More Operating Systems,119
2013-01-01 00:00:00.000,Perhaps You Are Bored Because You Are Boring,113
2013-01-01 00:00:00.000,List Comprehensions in Eight Lines of Clojure,109
2013-01-01 00:00:00.000,Ask HN: Freelancer? Seeking freelancer? (January 2013),91
2013-01-01 00:00:00.000,Gource - software version control visualization ,89
2013-01-01 00:00:00.000,New services bypass Apple DRM to allow pirated installs without jailbreaking,87
2013-01-01 00:00:00.000,Reddit's visitors skyrocket in 2012 with 37 billion page views,87
2013-01-01 00:00:00.000,Show HN: My first product. Thoughts?,87
2013-01-01 00:00:00.000,The Process Myth,85
2013-01-01 00:00:00.000,C# is the language of the year Python of the decade,84
2013-01-01 00:00:00.000,Year of Rock: weekly interactive guitar lessons for 2013,84
2013-01-01 00:00:00.000,Build your own Google Glass,77
2013-01-01 00:00:00.000,Get Your App Ready for Rails 4,75
2013-01-01 00:00:00.000,Hello Facebook Crawler,72
2013-01-01 00:00:00.000,In China Delhi gang rape spurs online debate on democracy then censorship,71
2013-01-01 00:00:00.000,Show HN: A decentralized Internet identity system I'm working on.,67
2013-01-01 00:00:00.000,Show HN: HN In Your Terminal,67
2013-01-01 00:00:00.000,Unmanned drone buzzes French police car,65
2013-01-01 00:00:00.000,Why I'm a Programmer,65
2013-01-01 00:00:00.000,Windows 8 proving less popular than Vista,64
2013-01-01 00:00:00.000,Clojure 2012 Year in Review,62
2013-01-01 00:00:00.000,Starcraft On Android - With Full Touch Controls - Is On The Way [video],56
2013-01-02 00:00:00.000,Make the Metric system the standard in the United States,820
2013-01-02 00:00:00.000,Ubuntu for phones,513
2013-01-02 00:00:00.000,Canonical announces Ubuntu for smartphones,474
2013-01-02 00:00:00.000,Regexper: Beautiful regexp visualizations,466
2013-01-02 00:00:00.000,SQL Injection Vulnerability in Ruby on Rails; affects all versions,402
2013-01-02 00:00:00.000,A world without power,309
2013-01-02 00:00:00.000,Avis acquires car sharing company Zipcar for $500 million,262
2013-01-02 00:00:00.000,The physics of that ‘kickalicious’ kick,247
2013-01-02 00:00:00.000,Patent trolls want $1000 per employee for using scanners,235
2013-01-02 00:00:00.000,Why did a Train Carrying Biofuel Cross the Border 24 Times and Never Unload?,219
2013-01-02 00:00:00.000,How fast could you travel across the U.S. in the 1800s?,211
2013-01-02 00:00:00.000,Python: The Dictionary Playbook,193
2013-01-02 00:00:00.000,Dear Apple DUNS is a scam but you already know that,186
2013-01-02 00:00:00.000,Meet Microsoft the world's best kept R&D secret,180
2013-01-02 00:00:00.000,Programming is Terrible,170
2013-01-02 00:00:00.000,Code Interview Reading List,166
2013-01-02 00:00:00.000,The Income Rich Take One For The Team. Thanks!,119
2013-01-02 00:00:00.000,The Web Book Boilerplate - Writing books for almost every platform,118
2013-01-02 00:00:00.000,From AS3 to Haxe,111
2013-01-02 00:00:00.000,There's no avoiding Google+,108
2013-01-02 00:00:00.000,A business meeting,107
2013-01-02 00:00:00.000,The Quantum Earthworm,107
2013-01-02 00:00:00.000,Show HN: a small weekendish project - JSON Blob,106
2013-01-02 00:00:00.000,ScriptCraft: Building cool things using Javascript in Minecraft,103
2013-01-02 00:00:00.000,Font Awesome 3.0 Released - sub-setting pixel perfect at 14px better license,100
2013-01-02 00:00:00.000,Scheme vs Common Lisp: war stories,94
2013-01-02 00:00:00.000,Bitcoin in 2012: By the Numbers,93
2013-01-02 00:00:00.000,Come to terms with being “only” an engineer,93
2013-01-02 00:00:00.000,Go vs. Python for a simple web server,93
2013-01-02 00:00:00.000,Automating the setup of my perfect developer environment on OSX 10.8,89
2013-01-02 00:00:00.000,Chuck Close on Creativity Work Ethic and Problem-Solving vs. Problem-Creating,89
2013-01-03 00:00:00.000,A New Look for Facebook,424
2013-01-03 00:00:00.000,Every NFL play for the past 10 years in CSV format,421
2013-01-03 00:00:00.000,Vigil: A programming language with eternal moral vigilance,362
2013-01-03 00:00:00.000,Google's text-to-speech engine randomly inserts phrase "he now praises the ipad",311
2013-01-03 00:00:00.000,Rails SQL injection vulnerability: here are the facts,289
2013-01-03 00:00:00.000, Black and Whitey: How the feds disable criminal defense,244
2013-01-03 00:00:00.000,Show HN: my useless weekend project add speech bubbles to images,225
2013-01-03 00:00:00.000,Write Gambling Software Go to Prison,216
2013-01-03 00:00:00.000,Fitbit why can’t I have my data?,211
2013-01-03 00:00:00.000,Warren Buffett Buys World's Largest Solar Project from SunPower for $2.5 Billion,208
2013-01-03 00:00:00.000,Behind enemy lines: 3 months as an iOS developer at Google,200
2013-01-03 00:00:00.000,Are Designers Crazy?,198
2013-01-03 00:00:00.000,The TSA wants to be everywhere in 2013 - here's why we shouldn't let it,185
2013-01-03 00:00:00.000,Enhancing digital certificate security (Fake *.Google.com cert issued),181
2013-01-03 00:00:00.000,Quantum gas goes below absolute zero,175
2013-01-03 00:00:00.000,The future according to Google's Larry Page,157
2013-01-03 00:00:00.000,Make Me,153
2013-01-03 00:00:00.000,A Tor proxy that runs in your browser,152
2013-01-03 00:00:00.000,LLVM.js: LLVM Itself Compiled to JavaScript via Emscripten,140
2013-01-03 00:00:00.000,All you need to know about CSS Transitions,116
2013-01-03 00:00:00.000,One Way to Write A Powerful Cold Email,107
2013-01-03 00:00:00.000,Open source Linux driver supports 3D acceleration with all GeForce GPUs,104
2013-01-03 00:00:00.000,Web Scraping with Node.js and Chimera,98
2013-01-03 00:00:00.000,Heroku now supporting Python version switching and Python 3,95
2013-01-03 00:00:00.000,Ray Kurzweil Says He’ll Get ‘Unlimited Resources’ to Work on AI at Google,92
2013-01-03 00:00:00.000,Pen and Paper,90
2013-01-03 00:00:00.000,Effective JavaScript Reviewed,87
2013-01-03 00:00:00.000,How to Gain or Lose 30 Minutes of Life Every Day ,85
2013-01-03 00:00:00.000,Gerrymandering and a cure - shortest splitline algorithm,83
2013-01-03 00:00:00.000,Algorithm improvement for Coca-Cola can shape recognition,76
2013-01-04 00:00:00.000,Minimal wireframing tool - for free,374
2013-01-04 00:00:00.000,An iPhone lover’s confession: I switched to the Nexus 4,364
2013-01-04 00:00:00.000,America's Real Criminal Element: Lead,339
2013-01-04 00:00:00.000,Keeping Safari a secret,283
2013-01-04 00:00:00.000,Entropy generator to provide significant lag reduction in Android,244
2013-01-04 00:00:00.000,Django 1.5 release candidate available,209
2013-01-04 00:00:00.000,Mega Man 2 (NES) password algorithm and code,197
2013-01-04 00:00:00.000,Scala 2.10 now available,194
2013-01-04 00:00:00.000,IRC is dead long live IRC,175
2013-01-04 00:00:00.000,Free SVG and PNG Icons Easily Customizable For Games,162
2013-01-04 00:00:00.000,Rant: Backbone Angular Meteor Derby,157
2013-01-04 00:00:00.000,Android SDK is now proprietary,152
2013-01-04 00:00:00.000,µLithp - a Lisp in 27 lines of Ruby,137
2013-01-04 00:00:00.000,How blind people use Instagram [video],131
2013-01-04 00:00:00.000,The USPTO Would Like to Partner with the Software Community,123
2013-01-04 00:00:00.000,Now Google is blocking Windows Phones from accessing maps.Google.com,121
2013-01-04 00:00:00.000,Ask PG: Why don’t you open source HN?,114
2013-01-04 00:00:00.000,Caffeinated Seas Found off U.S. Pacific Northwest,107
2013-01-04 00:00:00.000,Felix - a fast scripting language,107
2013-01-04 00:00:00.000,Turkish government agency spoofed Google certificate “accidentally”,104
2013-01-04 00:00:00.000,Life and Career Lessons – 2012,92
2013-01-04 00:00:00.000,It's Gibberish But Italian Pop Song Still Means Something ,89
2013-01-04 00:00:00.000,Disney announces Wreck-It Ralph will arrive for download before DVD Blu-ray,84
2013-01-04 00:00:00.000,The ARM vs x86 Wars Have Begun: Power Analysis of Atom Krait and Cortex A15,80
2013-01-04 00:00:00.000,Welcome to “Learning by Shipping”,77
2013-01-04 00:00:00.000,A year without caffeine,76
2013-01-04 00:00:00.000,Erlang OTP Tutorial For Beginners,75
2013-01-04 00:00:00.000,Font Awesome 3.0 is out,74
2013-01-04 00:00:00.000,Three Little Birds – Deriving the Y Combinator,74
2013-01-04 00:00:00.000,IMF Chief Economist apologizes for being wrong on austerity,69
2013-01-05 00:00:00.000,How My Start-Up Failed,330
2013-01-05 00:00:00.000,Negative temperatures are not colder than absolute zero,266
2013-01-05 00:00:00.000,Math notes to take you from one year of college calculus to grad student level,217
2013-01-05 00:00:00.000,Why I Program in Go,204
2013-01-05 00:00:00.000,Who wrote the 'Death Note' script?,183
2013-01-05 00:00:00.000,English Letter Frequency Counts: Mayzner Revisited,180
2013-01-05 00:00:00.000,My Father's "Eviscerated" work - Son of J.R.R. Tolkien finally speaks out,153
2013-01-05 00:00:00.000,The "well-calibrated interviewer" curse,151
2013-01-05 00:00:00.000,Deconstructing K&R C (2010),149
2013-01-05 00:00:00.000,Junior - A Native-Looking and Feeling Mobile HTML5 Front-End Framework,147
2013-01-05 00:00:00.000,Be Wrong as Fast as You Can,146
2013-01-05 00:00:00.000,All My Life I’ve Been Told I Was Special. It Was A Lie.,139
2013-01-05 00:00:00.000,AngularStrap - Bootstrap directives for AngularJS,133
2013-01-05 00:00:00.000,Reeddit - Minimalist elastic and read-only web app client for Reddit,132
2013-01-05 00:00:00.000,Show HN: Send SMS to your number for free from shell,121
2013-01-05 00:00:00.000,The Factory Floor Part 1 of 4: The Quotation (or How to Make a BOM),114
2013-01-05 00:00:00.000,A Million First Dates,107
2013-01-05 00:00:00.000,The Software Millionaire Next Door,103
2013-01-05 00:00:00.000,Math even mathematicians don't understand (the sequel),95
2013-01-05 00:00:00.000,Why Probabilistic Programming Matters,91
2013-01-05 00:00:00.000,An Experiment: My Life With A Nexus 7 As My Phone,77
2013-01-05 00:00:00.000,Google Maps redirect issue on Windows Phones is a matter of competition,76
2013-01-05 00:00:00.000,Awakening (during anesthesia),75
2013-01-05 00:00:00.000,Reasons to be excited about Java in 2013,70
2013-01-05 00:00:00.000,Disney Freaks Out Over Patents That May Mean It Can't Keep 3Ding Old Movies,69
2013-01-05 00:00:00.000,Health regulatory and advocacy groups are deliberately corrupted,69
2013-01-05 00:00:00.000,Cheddar is For Sale,66
2013-01-05 00:00:00.000,Ask HN: Where are all the programming jobs?,65
2013-01-05 00:00:00.000,Should error messages apologize?,65
2013-01-05 00:00:00.000,Does CloudFlare really speed up your site? Tests say not really.,64
2013-01-05 00:00:00.000,Google Maps never supported IE on Windows Phone 8 and likely never will,64
2013-01-05 00:00:00.000,Hacker news in your terminal,64
2013-01-06 00:00:00.000,_why's site is back up,453
2013-01-06 00:00:00.000,Mosh: the mobile shell,257
2013-01-06 00:00:00.000,Memorizing a programing language using spaced repetition software  ,233
2013-01-06 00:00:00.000,A year without caffeine (part 2),231
2013-01-06 00:00:00.000,Behind the scenes of the Pirate Bay trial,170
2013-01-06 00:00:00.000,Blizzard Entertainment Planning A Linux Game For 2013,137
2013-01-06 00:00:00.000,HTML5Wow,115
2013-01-06 00:00:00.000,Why did infinite scroll fail at Etsy?,105
2013-01-06 00:00:00.000,Distraction free writing and the simplest blogging platform in one,100
2013-01-06 00:00:00.000,2012: Hard Lessons Learned,97
2013-01-06 00:00:00.000,Judge dismisses dealers' lawsuit against Tesla's retail stores,93
2013-01-06 00:00:00.000,The bizarre tale of John McAfee spymaster,92
2013-01-06 00:00:00.000,Russian startup to release a smartphone with e-ink display on the back [video],89
2013-01-06 00:00:00.000,Designing a responsive Retina-friendly site,73
2013-01-06 00:00:00.000,Orders of magnitude,72
2013-01-06 00:00:00.000,Ask HN: Macbook Air + Remote Server = Macbook Pro?,69
2013-01-06 00:00:00.000,Circumventing Windows RT’s Code Integrity Mechanism,68
2013-01-06 00:00:00.000,Suckless Philosophy and Manifesto,68
2013-01-06 00:00:00.000, Frieman contests carpool violation corporate personhood...,67
2013-01-06 00:00:00.000,Reddit Rumored To Be Raising Money At A $400 Million Valuation,67
2013-01-06 00:00:00.000,Dependency injection is not a virtue,65
2013-01-06 00:00:00.000,Open webOS up and running on the Nexus 7,63
2013-01-06 00:00:00.000,A mathematical formalisation of dimensional analysis,58
2013-01-06 00:00:00.000,Lenovo splits the Think brand into a separate group,56
2013-01-06 00:00:00.000,Parsing HTML with Regex,56
2013-01-06 00:00:00.000,Python grew fastest in web searches for 'tutorial' over the last 5 years,55
2013-01-06 00:00:00.000,NSLogger – a flexible logging tool for OS X and iOS,52
2013-01-06 00:00:00.000,The Least Stressful Job for 2013? A Real Look at Being a Professor in the US,48
2013-01-06 00:00:00.000,A Whirlwind Tutorial on Creating Really Teensy ELF Executables for Linux,47
2013-01-06 00:00:00.000,Hoax article on India-Portugal clash fools Wikipedia for 5 years  ,47
2013-01-07 00:00:00.000,Web Developer Checklist,426
2013-01-07 00:00:00.000,Power surges in Britain caused by millions of people making tea [video],386
2013-01-07 00:00:00.000,Host me in California,323
2013-01-07 00:00:00.000,Here’s what I learned hanging out with Jason Fried,306
2013-01-07 00:00:00.000,Introducing Contributions,302
2013-01-07 00:00:00.000,2012 Personal Annual Report,266
2013-01-07 00:00:00.000,Things I learned by pretending to be blind for a week,250
2013-01-07 00:00:00.000,Show HN: Our alternative to recruiter spam,233
2013-01-07 00:00:00.000,Another awesome US immigration experience,211
2013-01-07 00:00:00.000,Amazon's top selling laptop doesn't run Windows or Mac OS it runs Linux,205
2013-01-07 00:00:00.000,Favorite Unix Commands,204
2013-01-07 00:00:00.000,How Tide Detergent Became a Drug Currency,201
2013-01-07 00:00:00.000,Battlecode: MIT's longest-running hardcore programming competition,185
2013-01-07 00:00:00.000,No office no boss no boundaries – rise of the nomadic rich,183
2013-01-07 00:00:00.000,Adobe says it is not providing free copies of Creative Studio 2,168
2013-01-07 00:00:00.000,Quitting LinkedIn,165
2013-01-07 00:00:00.000,BitPay PayPal for Bitcoin raises $510K – already has 2100 businesses on board,154
2013-01-07 00:00:00.000,Should you use Yes/No or Ok/Cancel on your message boxes?,147
2013-01-07 00:00:00.000,JQuery's API documentation gets a redesign,128
2013-01-07 00:00:00.000,Lego Mindstorms EV3: The Better Faster Stronger Generation Of Robotics,124
2013-01-07 00:00:00.000,Lego's Mindstorms EV3 robots are here,124
2013-01-07 00:00:00.000,Dependency Injection is a Virtue,119
2013-01-07 00:00:00.000,Wisdom from Psychopaths?,110
2013-01-07 00:00:00.000,Japan's ninjas heading for extinction,107
2013-01-07 00:00:00.000,Create multi-platform desktop apps with HTML5 CSS3 and JavaScript,106
2013-01-07 00:00:00.000,An IRC bot written in Brainfuck,103
2013-01-07 00:00:00.000,How My Startup Got Robbed,100
2013-01-07 00:00:00.000,An opinionated guide to Scheme implementations,98
2013-01-07 00:00:00.000,A Guide to Python Frameworks for Hadoop,93
2013-01-07 00:00:00.000,Nvidia officially unveils next-generation Tegra 4 SoC,91
2013-01-08 00:00:00.000,Multiple vulnerabilities in parameter parsing in Action Pack,427
2013-01-08 00:00:00.000,Getting Started With Clojure,279
2013-01-08 00:00:00.000,Trello celebrates One Million Users,276
2013-01-08 00:00:00.000,The Best of Kickstarter 2012,272
2013-01-08 00:00:00.000,How I Hacked Facebook’s Secure Files Transfer Service for Employees,246
2013-01-08 00:00:00.000,Howdoi – Instant Coding Answers via the Command Line,245
2013-01-08 00:00:00.000,How To Make Trillions Of Dollars,237
2013-01-08 00:00:00.000,A letter to my daughter Augusta in ruby,186
2013-01-08 00:00:00.000,Systemic traffic jams caused by small groups of drivers study says,148
2013-01-08 00:00:00.000,A project to make expensive legally-mandated standards documents public,133
2013-01-08 00:00:00.000,Svbtle Funding,133
2013-01-08 00:00:00.000,Meet the Man Behind America’s Most Dangerous Mail-Order Kits,128
2013-01-08 00:00:00.000,How I Read Programming Books,126
2013-01-08 00:00:00.000,Can filming one second of every day change your life? [video],125
2013-01-08 00:00:00.000,Valve And Xi3 Team For ‘Piston’ Steam Box,119
2013-01-08 00:00:00.000,Finding Ideas For Your Next Project,118
2013-01-08 00:00:00.000,An important announcement to the Vert.x community,113
2013-01-08 00:00:00.000,Giant squid filmed in Pacific depths Japan scientists report,113
2013-01-08 00:00:00.000,How To Fire A Co-Founder,110
2013-01-08 00:00:00.000,2012: A Year in PHP,106
2013-01-08 00:00:00.000,Ford Releases An SDK For Their Cars,106
2013-01-08 00:00:00.000,Firefox 18,105
2013-01-08 00:00:00.000,Survey says Facebook still in use by young but Snapchat/Instagram are real,95
2013-01-08 00:00:00.000,Valve shows off 'game console' hardware at CES,95
2013-01-08 00:00:00.000,Show HN: One curl command issues next-day ACH deposit,91
2013-01-08 00:00:00.000,Why Codeworkx ceased Development of CyanogenMod 10 for the Galaxy S3,87
2013-01-08 00:00:00.000,"Major service outage",85
2013-01-08 00:00:00.000,Rescued by a Bailout A.I.G. May Sue Its Savior,85
2013-01-08 00:00:00.000,Analysis of Rails XML Parameter Parsing Vulnerability,81
2013-01-08 00:00:00.000,Peter Norvig's Address at the UC Berkeley Computer Science Commencement (2006),74
2013-01-09 00:00:00.000,How Lisp is Going to Save the World,382
2013-01-09 00:00:00.000,Pain of the New: The Hobbit at 48 fps,335
2013-01-09 00:00:00.000,Your life's work,316
2013-01-09 00:00:00.000,Never Lie About Who You Really Are,292
2013-01-09 00:00:00.000,Doom3 Gangnam Style in WebGL,230
2013-01-09 00:00:00.000,Young People Are Screwed: Here's How To Survive,220
2013-01-09 00:00:00.000,Codecademy introduces API lessons with YouTube SoundCloud Parse and more,215
2013-01-09 00:00:00.000,I'm teaching an introductory 12-week class on Haskell,204
2013-01-09 00:00:00.000,Whom the Gods Would Destroy They First Give Real-time Analytics,186
2013-01-09 00:00:00.000,PHP needs a vision,179
2013-01-09 00:00:00.000,Buffy vs. Edward Remix Unfairly Removed by Lionsgate,177
2013-01-09 00:00:00.000,Your Minimum Viable Product is Processing Credit Cards,171
2013-01-09 00:00:00.000,The Story of the Ping Program,162
2013-01-09 00:00:00.000,VCs Think My Boobs Need An Algorithm,162
2013-01-09 00:00:00.000,When EC2 Hardware Changes Underneath You,153
2013-01-09 00:00:00.000,Probability Theory — A Primer,143
2013-01-09 00:00:00.000,Advanced Vim Registers,142
2013-01-09 00:00:00.000,More Than Half a Million Raspberry Pis Sold,128
2013-01-09 00:00:00.000,Create and delete branches,126
2013-01-09 00:00:00.000,Microsoft Research’s IllumiRoom projects images into your living room,122
2013-01-09 00:00:00.000,Two Star Programming,121
2013-01-09 00:00:00.000,What Startups Need To Know About Health Insurance in 2013,113
2013-01-09 00:00:00.000,The Crisis of the Middle Class and American Power,100
2013-01-09 00:00:00.000,Show HN: FileRock a Secure Dropbox Clone goes Open Source,97
2013-01-09 00:00:00.000,All Dashboards Should be Feeds,92
2013-01-09 00:00:00.000,Why Lisp?,91
2013-01-09 00:00:00.000,Adobe almost does something amazing by accident,87
2013-01-09 00:00:00.000,A man a Plan. No canals (2011),81
2013-01-09 00:00:00.000,Forrst like Community for Side-Projects?,73
2013-01-09 00:00:00.000,Kippt collects pretty useful links,73
2013-01-10 00:00:00.000,Proposition HN: I will pay $8000 for you to build your side-project/MVP,1088
2013-01-10 00:00:00.000,The Unreasonable Effectiveness of C,431
2013-01-10 00:00:00.000,Save your eyes start using f.lux,423
2013-01-10 00:00:00.000,Metasploit Rails 3 Remote Code Execution Hours Away,398
2013-01-10 00:00:00.000,IBM's Watson Memorized 'Urban Dictionary' Then His Overlords Had to Delete It,388
2013-01-10 00:00:00.000,Why I Won’t Be Using BetaPunch for User Testing,359
2013-01-10 00:00:00.000,How to Fold a Julia Fractal,325
2013-01-10 00:00:00.000,Nokia: Yes we decrypt your HTTPS data but don’t worry about it,321
2013-01-10 00:00:00.000,Amazon to Provide CD Buyers With Cloud-Based MP3s For Free,164
2013-01-10 00:00:00.000,Google Flu Trends,158
2013-01-10 00:00:00.000,Ruby on Rails Bootcamp in Seattle,158
2013-01-10 00:00:00.000,GIMP 2.9/2.10 Feature Preview ,155
2013-01-10 00:00:00.000,Improved wikis with more markup options,155
2013-01-10 00:00:00.000,More on Postgres Performance,154
2013-01-10 00:00:00.000,The Minimum Viable Kitchen,153
2013-01-10 00:00:00.000,How should I deal with an employee who has slept with my wife?,147
2013-01-10 00:00:00.000,Instacart adds Trader Joe's,146
2013-01-10 00:00:00.000,Google Effect,137
2013-01-10 00:00:00.000,New Zero Day Java Vulnerability Being Exploited in the Wild,129
2013-01-10 00:00:00.000,Zurb Acquires Forrst,109
2013-01-10 00:00:00.000,Companies that support remote workers win against those that don’t,107
2013-01-10 00:00:00.000,How to price something,96
2013-01-10 00:00:00.000,Rejection Therapy: A Hundred Days of 'No',95
2013-01-10 00:00:00.000,Your ATM does not use transactions,85
2013-01-10 00:00:00.000,How make your web-app become available faster: Let go of the DOM Ready events,81
2013-01-10 00:00:00.000,Visualising the Ubuntu Package Repository,79
2013-01-10 00:00:00.000,Wayback Machine: Now with 240000000000 URLs,79
2013-01-10 00:00:00.000,An Algorithm for Compressing Space and Time (2006),76
2013-01-10 00:00:00.000,Ex-CIA analyst finds mysterious Chinese complex on Google Earth,74
2013-01-10 00:00:00.000,Colleges lose pricing power,68
2013-01-10 00:00:00.000,Exec Crunchie Nomination Rap and PG Making it Rain,68
2013-01-11 00:00:00.000,I want the world to scroll this way,832
2013-01-11 00:00:00.000,Safari is released to the world,425
2013-01-11 00:00:00.000,Monoprice Announces 27-Inch 2560 x 1440 Monitor for $390,294
2013-01-11 00:00:00.000,Devops/Sysadmin Cheatsheet,241
2013-01-11 00:00:00.000,How to implement an algorithm from a scientific paper,206
2013-01-11 00:00:00.000,Bitcoin exchange hacked via Rails exploit funds stolen,199
2013-01-11 00:00:00.000,Access denied,184
2013-01-11 00:00:00.000,Show HN: API for detecting people cars and everyday objects in images,179
2013-01-11 00:00:00.000,An easy to follow design course for programmers,171
2013-01-11 00:00:00.000,Greetings from the Safari team at Apple Computer (2003),165
2013-01-11 00:00:00.000,Why Are Lego Sets Expensive? ,154
2013-01-11 00:00:00.000,Serve Your Music Collection Using HTML5 Backbone and Flask,153
2013-01-11 00:00:00.000,Kickstarter's team page,133
2013-01-11 00:00:00.000,No One Will Steal Your Big Idea,127
2013-01-11 00:00:00.000,Lego Goes Linux ,115
2013-01-11 00:00:00.000,Message in a Binary Bottle,115
2013-01-11 00:00:00.000,China Mandates Fibre For All New Homes,112
2013-01-11 00:00:00.000,Ask HN: Can use the #1 supercomputer for any project I want. What should it be?,107
2013-01-11 00:00:00.000,Final project reports from 2012 Stanford Machine Learning class,99
2013-01-11 00:00:00.000,Sprite Tricks used in Amiga Games,90
2013-01-11 00:00:00.000,Einstein Was Right: Space-Time Is Smooth Not Foamy ,87
2013-01-11 00:00:00.000,Mozilla adds all recent versions of Java to its Firefox add-on blocklist,73
2013-01-11 00:00:00.000,Nearby star is almost as old as the Universe,73
2013-01-11 00:00:00.000,A Strategy for Internationalization and Node.js,70
2013-01-11 00:00:00.000,Life ToDo,66
2013-01-11 00:00:00.000,Contest: recreate Mondrian painting in code win exposition in museum,65
2013-01-11 00:00:00.000,Ruby inline assembler,64
2013-01-11 00:00:00.000,Revolutionary paper tablet computer is thin and as flexible as sheets of paper,63
2013-01-11 00:00:00.000,BitTorrent announces Chrome Extension for torrent discovery and download,61
2013-01-11 00:00:00.000,How our users exploited concurrency and how we fixed it,60
2013-01-12 00:00:00.000,Aaron Swartz commits suicide,2103
2013-01-12 00:00:00.000,Prosecutor as bully,1200
2013-01-12 00:00:00.000,The Truth About Aaron Swartz's "Crime",837
2013-01-12 00:00:00.000,Petition the Whitehouse to remove Carmen Ortiz from office,801
2013-01-12 00:00:00.000,Official Statement from the family and partner of Aaron Swartz,682
2013-01-12 00:00:00.000,If I get hit by a truck...,651
2013-01-12 00:00:00.000,Aaron is dead. From: Tim Berners-Lee,610
2013-01-12 00:00:00.000,Cory Doctorow: RIP Aaron Swartz,570
2013-01-12 00:00:00.000,Why you shouldn't do what Aaron did,519
2013-01-12 00:00:00.000,Let's black bar HN,483
2013-01-12 00:00:00.000,National Suicide Prevention Lifeline,472
2013-01-12 00:00:00.000,My Aaron Swartz whom I loved,419
2013-01-12 00:00:00.000,JSTOR torrent,407
2013-01-12 00:00:00.000,This Isn't the Petition Response You're Looking For,370
2013-01-12 00:00:00.000,Aaron Swartz Precocious Programmer and Internet Activist Dies at 26,356
2013-01-12 00:00:00.000,Aaron Swartz: How To Get A Job Like Mine,338
2013-01-12 00:00:00.000,Posthumously pardon Aaron Swartz,307
2013-01-12 00:00:00.000,Aaron's domain registration runs out in Sept. We should archive it in his memory,303
2013-01-12 00:00:00.000,Aaron Swartz really did co-author RSS spec at age 14,263
2013-01-12 00:00:00.000,JSTOR Statement on Aaron Swartz,263
2013-01-12 00:00:00.000,Aaron Swartz: What Happens in The Dark Knight,257
2013-01-12 00:00:00.000,Feds go overboard in prosecuting information activist (2012),255
2013-01-12 00:00:00.000,Philip Greenspun: Aaron Swartz,245
2013-01-12 00:00:00.000,Aaron Swartz v. United States (2011),228
2013-01-12 00:00:00.000,Aaron Swartz on illness and depression,212
2013-01-12 00:00:00.000,A Moment Before Dying,202
2013-01-12 00:00:00.000,Raw Nerve by Aaron Swartz,195
2013-01-12 00:00:00.000,A Chat With Aaron Swartz,185
2013-01-12 00:00:00.000,How to be more productive,184
2013-01-12 00:00:00.000,Soulmate lost. RIP Aaron Swartz,184
2013-01-13 00:00:00.000,1/13 noon at MIT: Protest wrongful prosecution of Aaron Swartz,469
2013-01-13 00:00:00.000,MIT President on Aaron Swartz,467
2013-01-13 00:00:00.000,Academics posting their papers online in tribute to Aaron Swartz,448
2013-01-13 00:00:00.000,Petition: require free access to publicly-funded research,402
2013-01-13 00:00:00.000,Did porn warp me forever?,398
2013-01-13 00:00:00.000,Jonathan James,366
2013-01-13 00:00:00.000,US Attorney Chided Swartz On Day of Suicide,315
2013-01-13 00:00:00.000,Aaron Swartz American hero,310
2013-01-13 00:00:00.000,How and why the US Justice Department over-prosecutes,217
2013-01-13 00:00:00.000,I hate the news,213
2013-01-13 00:00:00.000,On Scale of 0 to 500 Beijing’s Air Quality Tops ‘Crazy Bad’ at 755 ,190
2013-01-13 00:00:00.000,Three Felonies A Day - How The Feds Target The Innocent,178
2013-01-13 00:00:00.000,Remember Aaron Swartz (1986 – 2013),155
2013-01-13 00:00:00.000,Aaron Swartz Died Innocent — Here Is the Evidence,146
2013-01-13 00:00:00.000,Academia.edu - Share research,139
2013-01-13 00:00:00.000,"TLDR" is unnecessary,131
2013-01-13 00:00:00.000,Common JavaScript Gotchas,125
2013-01-13 00:00:00.000,Be careful with JS numbers,124
2013-01-13 00:00:00.000,The Nightmare That Keeps Microsoft Awake: Android On The Desktop,118
2013-01-13 00:00:00.000,Yes learn basic programming,111
2013-01-13 00:00:00.000,How to determine if my calculation of pi is accurate?,109
2013-01-13 00:00:00.000,MIT and Aaron Swartz,98
2013-01-13 00:00:00.000,In Remembrance of Aaron Swartz,96
2013-01-13 00:00:00.000,The Brilliant Life and Tragic Death of Aaron Swartz,96
2013-01-13 00:00:00.000,Ilya Zhitomirskiy,86
2013-01-13 00:00:00.000,Going for a seven-year walk,85
2013-01-13 00:00:00.000,PDFtribute website with links scraped from Twitter,85
2013-01-13 00:00:00.000,29C3 Recordings,77
2013-01-13 00:00:00.000,Show HN: Teoria.js - Music theory for JavaScript,77
2013-01-13 00:00:00.000,I2C Programming in Go,74
2013-01-14 00:00:00.000,Aaron Swartz Asking For Help 119 Days Ago,635
2013-01-14 00:00:00.000,An Advanced Guide to HTML and CSS,635
2013-01-14 00:00:00.000,In the Wake of Aaron Swartz's Death Let's Fix Draconian Computer Crime Law,452
2013-01-14 00:00:00.000,John Carmack's comment on Doom 3's code style,416
2013-01-14 00:00:00.000,Notes on Distributed Systems for Young Bloods,346
2013-01-14 00:00:00.000,The Conscience of a Hacker,275
2013-01-14 00:00:00.000,How Japanese Kids Learn To Multiply,272
2013-01-14 00:00:00.000,A Sad Irony: The Federal Judiciary's PACER Pricing Is Illegal,250
2013-01-14 00:00:00.000,Why Am I So Upset About Aaron Swartz's Suicide?,239
2013-01-14 00:00:00.000,Remembering Aaron Swartz: Commons man ,236
2013-01-14 00:00:00.000,On the state of Windows on the desktop,212
2013-01-14 00:00:00.000,Anonymous R.I.P Note for Aaron Swartz,204
2013-01-14 00:00:00.000,The Criminal Charges Against Aaron Swartz (Part 1: The Law),198
2013-01-14 00:00:00.000,Tools for Data Visualization,198
2013-01-14 00:00:00.000,Nginx Load Balancing Basics ,172
2013-01-14 00:00:00.000,QLB (???) - Program in Arabic display algorithms as calligraphy,164
2013-01-14 00:00:00.000,Rails has Two Default Stacks,160
2013-01-14 00:00:00.000,The State of jQuery 2013,155
2013-01-14 00:00:00.000,Pinboard Co-Prosperity Winners,144
2013-01-14 00:00:00.000,We switched to Node.js: the good and the not so good,133
2013-01-14 00:00:00.000,Why Did The Secret Service Take Over Aaron Swartz's Case?,133
2013-01-14 00:00:00.000,Akin's Laws of Spacecraft Design,132
2013-01-14 00:00:00.000,How Erlang does scheduling,130
2013-01-14 00:00:00.000,CNET Reporter Quits Over Editorial Meddling by CBS,128
2013-01-14 00:00:00.000,Getting traffic for your newly launched startup,128
2013-01-14 00:00:00.000,Branch,120
2013-01-14 00:00:00.000,A Data Crusader a Defendant and Now a Cause,113
2013-01-14 00:00:00.000,SimpleAI: Artificial Intelligence with Python,106
2013-01-14 00:00:00.000,The High Price of Being Single in America,104
2013-01-14 00:00:00.000,'Red October' cyber-attack found by Russian researchers,103
2013-01-15 00:00:00.000,Y Combinator is funding the future of spam in Windows,1065
2013-01-15 00:00:00.000,Introducing Graph Search,395
2013-01-15 00:00:00.000,Please Stop Attacking MIT's Network,365
2013-01-15 00:00:00.000,Petition To Fire Aaron Swartz’ Prosecutor Reaches Goal,305
2013-01-15 00:00:00.000,California To Hit Startup Founders with Big Retroactive Tax Bills,301
2013-01-15 00:00:00.000,The Atlantic posts sponsored Scientology story moderates comments,297
2013-01-15 00:00:00.000,What No One Told You About Z-Index,282
2013-01-15 00:00:00.000,Aaron Swartz: The Book That Changed My Life,274
2013-01-15 00:00:00.000,Design Books Every Hacker Should Read,247
2013-01-15 00:00:00.000,Plea Bargaining and Torture in light of the Aaron Swartz case,234
2013-01-15 00:00:00.000,How to Write an Opening Sentence,230
2013-01-15 00:00:00.000,JSTOR Liberator sets public domain academic articles free,203
2013-01-15 00:00:00.000,JQuery 1.9 has been released,202
2013-01-15 00:00:00.000,Building A Node.js Server That Won't Melt,200
2013-01-15 00:00:00.000,OK Cupid launches Crazy Blind Date,197
2013-01-15 00:00:00.000,Land without Plea Bargaining: How the Germans Do It (1979),192
2013-01-15 00:00:00.000,MailChimp Annual Report,178
2013-01-15 00:00:00.000,The Atlantic suspends the Scientology advertorial,170
2013-01-15 00:00:00.000,The 6502 CPU's overflow flag explained at the silicon level,169
2013-01-15 00:00:00.000,On humanity a big failure in Aaron Swartz case,137
2013-01-15 00:00:00.000,Becoming A Boss,135
2013-01-15 00:00:00.000,Stuff (2007),127
2013-01-15 00:00:00.000,The Aaron Swartz memorial JSTOR liberator,114
2013-01-15 00:00:00.000,Memorial hackathons for Aaron Swartz,110
2013-01-15 00:00:00.000,Petition to remove DA Ortiz reaches 25000 signatures,104
2013-01-15 00:00:00.000,Simple launches Android app,97
2013-01-15 00:00:00.000,How 19-year-old activist Zack Kopplin is making life hell for creationists,93
2013-01-15 00:00:00.000,Emmy Noether,92
2013-01-15 00:00:00.000,IBM Exec Husband of Aaron Swartz Prosecutor Takes to Twitter to Defend His Wife,92
2013-01-15 00:00:00.000,Aaron Swartz: Idealist Innovator—And Now Victim,88
2013-01-16 00:00:00.000,I conceal my identity the same way Aaron was indicted for,409
2013-01-16 00:00:00.000,US employee 'outsourced job to China',383
2013-01-16 00:00:00.000,Rep. Zoe Lofgren Introduces Aaron's Law [pdf],349
2013-01-16 00:00:00.000,Aaron Swartz's Lawyer: MIT Refused Plea Deal Without Jail Time,348
2013-01-16 00:00:00.000,Thorium Reactors,328
2013-01-16 00:00:00.000,Introducing HelloSign for Gmail,297
2013-01-16 00:00:00.000,Prosecutor pursuing Aaron Swartz linked to suicide of another hacker,296
2013-01-16 00:00:00.000,iOS Development Tips If You're Just starting Out,283
2013-01-16 00:00:00.000,What If Cars Were Rented Like We Hire Programmers?,274
2013-01-16 00:00:00.000,The If-by-whiskey fallacy,268
2013-01-16 00:00:00.000,My Top Sublime Text 2 Plugins,260
2013-01-16 00:00:00.000,Lawmakers slam DOJ prosecution of Swartz as 'ridiculous absurd',236
2013-01-16 00:00:00.000,Squash,229
2013-01-16 00:00:00.000,3 Weeks already $0 income – what are we doing wrong?,185
2013-01-16 00:00:00.000,White House raises petition signature threshold to 100K,184
2013-01-16 00:00:00.000,Dear Apple: I give up WireframeApp will become open source,179
2013-01-16 00:00:00.000,25000 People Sign Petition to Remove Aaron Swartz's Prosecutors,168
2013-01-16 00:00:00.000,My Web Series Was Suspended by YouTube Without Explanation,164
2013-01-16 00:00:00.000,Google Glass to Hit Developers' Hands This Month,146
2013-01-16 00:00:00.000,Kid Sends Blunt Cover Letter and Now People are Trying to Hire Him,141
2013-01-16 00:00:00.000,Star developer OUTSOURCED his JOB to China,132
2013-01-16 00:00:00.000,Why We’re Raising the Signature Threshold for We the People,124
2013-01-16 00:00:00.000,Developer Auction out of beta; accepting developers from all backgrounds in US,116
2013-01-16 00:00:00.000,Clustrix a distributed SQL DB launches on AWS,115
2013-01-16 00:00:00.000,Dynamically generate HTML/CSS for forms icons buttons,112
2013-01-16 00:00:00.000,MIT Closet Allegedly Used by Aaron Swartz,106
2013-01-16 00:00:00.000,We should retire Aaron's number,105
2013-01-16 00:00:00.000,Aaron Swartz NYC Memorial Service,104
2013-01-16 00:00:00.000,Wikimedia Launches WikiVoyage,102
2013-01-16 00:00:00.000,Towards Learning From Losing Aaron Swartz: Part 2,90
2013-01-17 00:00:00.000,What I wish I knew before moving to San Francisco,592
2013-01-17 00:00:00.000,A Mysterious Patch Of Light Shows Up In The North Dakota Dark,489
2013-01-17 00:00:00.000,U.S. Attorney Carmen Ortiz Issues Statement on Aaron Swartz Case,369
2013-01-17 00:00:00.000,Our Django Book is Launched,328
2013-01-17 00:00:00.000,Handling Growth with Postgres,305
2013-01-17 00:00:00.000,I sent a balloon up to capture 360x180 degree imagery/video from 100K feet,252
2013-01-17 00:00:00.000,Make Patent Trolls Pay All Costs If They Lose,220
2013-01-17 00:00:00.000,Delivery for Mr. Assange,211
2013-01-17 00:00:00.000,SSH client in Google Chrome,207
2013-01-17 00:00:00.000,Follow up to "The Unreasonable Effectiveness of C",201
2013-01-17 00:00:00.000,Via introduces APC Paper: A $99 Android PC,165
2013-01-17 00:00:00.000,The Criminal Charges Against Aaron Swartz – Part 2: Prosecutorial Discretion,161
2013-01-17 00:00:00.000,Still More About The Death Of Aaron Swartz,152
2013-01-17 00:00:00.000,Go concurrency patterns,142
